donor,epsilon_1,epsilon_2,foscttm,label_transfer_accuracy,alignment_score,rmse,nmi,asw_label,ari,asw_batch,graph_connectivity
s1d1,0.001,0.001,0.3759,0.3063946015424164,0.853629809685712,0.2753863824885512,0.4629864967609595,0.4976832924092307,0.3701394397268369,0.7905005365007547,0.7498801931057693
s1d1,0.001,0.005,0.3647,0.2758676092544987,0.8306581184177793,0.2582016748914573,0.5047944751064013,0.505868857345572,0.4053493628794586,0.6910357516587433,0.7409422196682989
s1d1,0.001,0.01,0.4892,0.0819408740359897,0.8018220312629571,0.2635980860190665,0.4412045002718159,0.4996622171195806,0.2647074443711276,0.6321187596185955,0.7226325801544713
s1d1,0.001,0.05,0.4599,0.1127892030848329,0.5517274442325235,0.247105036957748,0.4937651335942437,0.4959974798623873,0.271899247963045,0.5325119051010408,0.6081147189062888
s1d1,0.001,0.1,0.4602,0.1735218508997429,0.2173545173729165,0.2386037430484667,0.4333983046772322,0.4926077781419384,0.2696278779549473,0.4956878107620652,0.4351999904242872
s1d1,0.001,0.5,0.467,0.1638817480719794,0.2094623310390581,0.2387257384854044,0.3549169149616041,0.4923323103369926,0.2556675167869753,0.4957747878736576,0.4360097867353925
s1d1,0.005,0.001,0.3509,0.3287275064267352,0.7475718343146198,0.2389884369911234,0.5512479276049401,0.5044250312593721,0.3762840785344885,0.5668382563221648,0.6988804736503911
s1d1,0.005,0.005,0.3194,0.3214974293059126,0.6312284911684218,0.2321010040529826,0.6012711542666707,0.5077806446211831,0.3794903100468069,0.5103432775941992,0.6797727468868449
s1d1,0.005,0.01,0.3442,0.2835796915167095,0.4814674205987229,0.2320733704681712,0.5653580484906313,0.5041732432157386,0.3363874080833171,0.4797983892879363,0.6252072884975406
s1d1,0.005,0.05,0.4698,0.1720758354755784,0.1751414918318269,0.2361261545531842,0.3969842575718992,0.4973839374795971,0.2639609900073426,0.4610120044781206,0.4312112233340413
s1d1,0.005,0.1,0.4726,0.1690231362467866,0.1745985881913923,0.2361574852541169,0.3560647621125468,0.4973601587915517,0.2497810112024417,0.4610356198320386,0.4316620636020528
s1d1,0.005,0.5,0.4749,0.1687017994858611,0.1743005742598888,0.2361786239008537,0.3452239558784121,0.4973487485147409,0.252646213378328,0.4610531646275362,0.4291075888995103
s1d1,0.01,0.001,0.4988,0.1415488431876606,0.5332415104900904,0.23976099029679,0.6145589060016026,0.5052106783560459,0.4149535396744132,0.4948244549052296,0.5263941296110032
s1d1,0.01,0.005,0.3456,0.2840616966580976,0.3721403619703126,0.231870935894994,0.5626023214707371,0.5040809373261955,0.3478059745958395,0.4585339725641763,0.4661818810413246
s1d1,0.01,0.01,0.445,0.1730398457583547,0.2151880856621609,0.2369404653359836,0.4727648093409321,0.5010367520186466,0.2933028346560217,0.4547599819387197,0.4264422491658904
s1d1,0.01,0.05,0.4738,0.1632390745501285,0.140349013185173,0.2356826494774251,0.3858090035789359,0.499678380386852,0.2630932932011094,0.4479634640553806,0.4212898024270232
s1d1,0.01,0.1,0.4758,0.1635604113110539,0.1402544261547391,0.2356956370595578,0.3565473849476656,0.4996669288498678,0.2505459800234631,0.447973733078973,0.4213512881445552
s1d1,0.01,0.5,0.4774,0.1635604113110539,0.1401753876772533,0.2357053971251136,0.350152263348925,0.4996597867787083,0.2519382242621851,0.4479818723271434,0.4236796805584783
s1d1,0.05,0.001,0.4829,0.1348007712082262,0.0940778153246537,0.2355074355150027,0.5053941094329782,0.5024828664553702,0.305824744752176,0.4372169027822624,0.4253765800357582
s1d1,0.05,0.005,0.4689,0.1285347043701799,0.081390196119081,0.2355347893097139,0.4472810596182924,0.501830656959248,0.2755136538451943,0.4352481028165993,0.4237935245852362
s1d1,0.05,0.01,0.4743,0.1290167095115681,0.081180290654283,0.2355569013034599,0.4225739339885697,0.5017654583382745,0.270004340350403,0.4352492630246776,0.4238697164920423
s1d1,0.05,0.05,0.4809,0.1285347043701799,0.0810831121983581,0.2355740790391562,0.368893693317068,0.5017400823102307,0.2560196117059659,0.4352608372493228,0.4220663560644515
s1d1,0.05,0.1,0.4821,0.1283740359897172,0.0810792250601211,0.2355761537059909,0.3498936268031642,0.5017379628848258,0.2560810651639054,0.4352625823717844,0.4222160444171714
s1d1,0.05,0.5,0.4833,0.1285347043701799,0.0810753379218839,0.2355778421773753,0.350581013397938,0.5017364204601474,0.2494607551886243,0.4352640601669355,0.4200475009870222
s1d1,0.1,0.001,0.4904,0.1344794344473007,0.0774693693506923,0.2355308151948707,0.505418824875785,0.5025000753523025,0.2992692662253398,0.4345359153296267,0.4293288408291491
s1d1,0.1,0.005,0.4725,0.1344794344473007,0.0716347748569534,0.2355680033712418,0.4320779362441765,0.5019580680144081,0.2717623269968166,0.4336074181615047,0.4215443167036216
s1d1,0.1,0.01,0.4774,0.1344794344473007,0.0715712849324156,0.2355772178236515,0.4201470010701683,0.5019339659721412,0.269185214587517,0.4336098681450782,0.4223003527799267
s1d1,0.1,0.05,0.4834,0.1344794344473007,0.0715440749647566,0.2355852197513748,0.3737074417585156,0.5019214382248477,0.2599662368257333,0.4336154029501041,0.4217952139346477
s1d1,0.1,0.1,0.4845,0.1344794344473007,0.0715388921137739,0.2355862414631734,0.3583483534821283,0.5019202872553986,0.2592792780889955,0.4336162703500678,0.4240212236791624
s1d1,0.1,0.5,0.4856,0.1344794344473007,0.071535004975537,0.2355870728249213,0.3540424603096471,0.501919440813185,0.2572651853599741,0.4336170046341199,0.4222219554356438
s1d1,0.5,0.001,0.4637,0.134318766066838,0.064434499129281,0.2355866630543539,0.4788577022971917,0.5020486337868374,0.2914505181847824,0.432370626171263,0.4227321417121703
s1d1,0.5,0.005,0.4764,0.134318766066838,0.0638475412554938,0.2355953910362293,0.4359980061718467,0.5019038620950164,0.2717457388218573,0.4323003094886795,0.4247795009553481
s1d1,0.5,0.01,0.4811,0.134318766066838,0.0638345841280372,0.2355970337605356,0.4177320517244002,0.5018997806120343,0.267384924941465,0.4323009010009717,0.4248132346696823
s1d1,0.5,0.05,0.4866,0.134318766066838,0.0638255141388174,0.2355985195531979,0.3715483545005141,0.5018971461175435,0.2527355798978056,0.4323019535889212,0.4217049339649302
s1d1,0.5,0.1,0.4877,0.134318766066838,0.0638229227133261,0.2355987212386945,0.3574202760209104,0.5018968487348299,0.2598292029428312,0.4323021264380428,0.4280939232293367
s1d1,0.5,0.5,0.4889,0.134318766066838,0.0638229227133261,0.2355988853213988,0.3458610221016366,0.5018966175648004,0.2549046441149661,0.432302272725233,0.4274363218453154
s1d2,0.001,0.001,0.5342,0.0770029673590504,0.8602849993356658,0.2980865660678613,0.2362230737384402,0.4767129858593444,0.165960486169797,0.7380004715397188,0.547401447936582
s1d2,0.001,0.005,0.4863,0.1718100890207715,0.8196111430975686,0.2726183242675645,0.3191028324712686,0.4904221169034129,0.1622942105387861,0.6509737519828354,0.6066005760163765
s1d2,0.001,0.01,0.4792,0.1660237388724035,0.7990854333672882,0.2619032437923196,0.3346308927010983,0.4893874811102064,0.1454433882618405,0.6168488646110895,0.5891771071080701
s1d2,0.001,0.05,0.5501,0.1074183976261127,0.4713461623632579,0.2449401018745549,0.3964628644396199,0.4907969047819206,0.2161596476691642,0.505526264318638,0.5313993328739205
s1d2,0.001,0.1,0.4736,0.1826409495548961,0.2415939589884406,0.2383094079649674,0.3012793379800986,0.4873105826994992,0.2017334911194,0.4888105253958521,0.4450047576575787
s1d2,0.001,0.5,0.4749,0.1845697329376854,0.2348177510075733,0.2383377239826658,0.2825614500524262,0.4871754854013673,0.2025592649072652,0.4887790647756813,0.4441742193276026
s1d2,0.005,0.001,0.3871,0.2724035608308605,0.7622879666947163,0.2414452725427685,0.4120267420603787,0.495482520852942,0.2799998568111759,0.567503737815102,0.6859721244634172
s1d2,0.005,0.005,0.3614,0.3320474777448071,0.5574482926613226,0.2340549470198974,0.5000326814376954,0.5030177548481002,0.2874517664548492,0.4878206334945682,0.599285752546333
s1d2,0.005,0.01,0.3527,0.3421364985163205,0.4733845608751493,0.2326939764434116,0.4902447760477815,0.5050516705239717,0.25929595047744,0.4770300070073295,0.54416911435944
s1d2,0.005,0.05,0.4673,0.1974777448071216,0.2105773063466053,0.2357882119751516,0.2883325104361801,0.493237166173857,0.2057695356758043,0.4563039710808438,0.4467755705884692
s1d2,0.005,0.1,0.469,0.1974777448071216,0.2100812702068293,0.2358081643721172,0.2876478258340197,0.4932098404295075,0.2107462941870249,0.4563011571254223,0.4453359303396863
s1d2,0.005,0.5,0.4705,0.1986646884272997,0.2097446742548386,0.2358228394583811,0.2804730921744531,0.4931936805808557,0.2104398221863076,0.4563009587341895,0.4469697438577775
s1d2,0.01,0.001,0.3904,0.3166172106824926,0.516611674564861,0.2343529277512298,0.5138084955608468,0.5008771535629756,0.3109222014509047,0.4806870322150289,0.5414638453627926
s1d2,0.01,0.005,0.3518,0.3422848664688427,0.3565204393462952,0.2327141312122379,0.4935962208081222,0.5037214753820797,0.2721095074025617,0.4555265550097759,0.4722233666064813
s1d2,0.01,0.01,0.4576,0.1954005934718101,0.1759533194561318,0.2353199111892514,0.3403768986561362,0.4963507305421877,0.2142279027511527,0.4431320591519418,0.4457552336094149
s1d2,0.01,0.05,0.4667,0.1971810089020771,0.1738805970149254,0.2354180680858277,0.28348067087391,0.4961393883811595,0.1989358122570464,0.4430534889096279,0.4430350235584206
s1d2,0.01,0.1,0.4683,0.1982195845697329,0.1737477301917712,0.2354286543232056,0.2849989841001832,0.4961269092446969,0.2106096488932057,0.4430537679654919,0.4427108434135989
s1d2,0.01,0.5,0.4695,0.1983679525222552,0.1736359006156163,0.2354361199394404,0.2813869054991426,0.4961193511734296,0.202941038813929,0.4430544515621332,0.4428298694198161
s1d2,0.05,0.001,0.4651,0.2818991097922849,0.1216561849506177,0.2354536121404813,0.4881574741767351,0.5003343186508743,0.253026866065543,0.432554101110662,0.4442481667474861
s1d2,0.05,0.005,0.4598,0.1956973293768546,0.0984366003808848,0.2354401427011421,0.3425549528146564,0.4991263819416056,0.2131304382025896,0.4293974616246171,0.4427727645735101
s1d2,0.05,0.01,0.4641,0.1970326409495549,0.0982981974400992,0.2354555075761702,0.3171440742555575,0.4990951991467623,0.1768887657321856,0.4293816125171665,0.4421668820584228
s1d2,0.05,0.05,0.4703,0.1980712166172107,0.0982306568049957,0.2354701870584324,0.282116299008261,0.4990728093804696,0.2080907340542344,0.4293793328913852,0.4419272805289452
s1d2,0.05,0.1,0.4715,0.1980712166172107,0.0982184773462065,0.2354720900200823,0.281229727577838,0.4990704615862129,0.2063447638383518,0.4293796292724973,0.4407493190041607
s1d2,0.05,0.5,0.4725,0.1983679525222552,0.0982107267815227,0.2354736483751764,0.2753939075219306,0.4990686675171698,0.1757755707426272,0.429379976189517,0.444542985264692
s1d2,0.1,0.001,0.461,0.207566765578635,0.0899497320519067,0.2354992404704081,0.4067871586838324,0.4995135022886027,0.2182492508873899,0.4284814737822792,0.4447060483816927
s1d2,0.1,0.005,0.4633,0.1951038575667655,0.084925151689623,0.235495824796163,0.3420840473951844,0.4993363464893335,0.2022239666435071,0.4275569574152381,0.443283956401108
s1d2,0.1,0.01,0.4675,0.1954005934718101,0.0848653616192036,0.2355029014775069,0.332446034467902,0.4993212639820555,0.1988106260003389,0.4275510665698079,0.4442114625174168
s1d2,0.1,0.05,0.4734,0.1958456973293768,0.0848288232428363,0.2355099559169894,0.2866622734985493,0.4993096262373118,0.2113858330737792,0.4275502369269373,0.4422178531017949
s1d2,0.1,0.1,0.4746,0.1959940652818991,0.0848310376898887,0.2355109088160619,0.2841347159116164,0.4993083259179071,0.2083837277936137,0.4275504077411508,0.446152504740533
s1d2,0.1,0.5,0.4757,0.1958456973293768,0.084832144913415,0.2355116894870909,0.2827307079164567,0.4993073242544901,0.2111417505043313,0.4275505991852077,0.4411702480861919
s1d2,0.5,0.001,0.4714,0.1884272997032641,0.0739060631560299,0.2355411648738202,0.3896546999546937,0.4993822423111907,0.2180251037517161,0.4261149177671803,0.4440766604184134
s1d2,0.5,0.005,0.4689,0.1897626112759644,0.0737709818858231,0.2355447609192208,0.3386590530962191,0.499355501257194,0.2102097105140077,0.4260819486142256,0.4414070774161708
s1d2,0.5,0.01,0.4731,0.1899109792284866,0.0737632313211392,0.2355461086224138,0.3273737831179165,0.4993526714013054,0.2115804227893912,0.4260809866277376,0.4420100925025253
s1d2,0.5,0.05,0.4789,0.1899109792284866,0.0737610168740865,0.2355474609458049,0.2842404373890016,0.4993503685780245,0.2042490661516472,0.426080876959789,0.4436689224209217
s1d2,0.5,0.1,0.48,0.1899109792284866,0.0737610168740865,0.2355476516489611,0.2850779024939676,0.4993500832740731,0.2026715898251348,0.4260809158496471,0.4424808366252412
s1d2,0.5,0.5,0.4813,0.1899109792284866,0.0737610168740865,0.2355478079395222,0.2803078874483565,0.4993498577704469,0.2079291147535575,0.4260809579263089,0.4408623659127254
s1d3,0.001,0.001,0.4686,0.0941808833839682,0.8542485187578186,0.2805410147161281,0.3291749029561532,0.4778334214174296,0.1724211698556483,0.7360655609996534,0.653459151009827
s1d3,0.001,0.005,0.5009,0.0724468333722832,0.8179948586118253,0.2650633937422841,0.3769374933121606,0.4835166967981916,0.1376386968437058,0.6412877351180722,0.627920268508057
s1d3,0.001,0.01,0.5451,0.0448702967983173,0.8002446970842556,0.2623126160285867,0.3763968731294626,0.4815657819395251,0.1545736419972731,0.597367467276691,0.6226454142974717
s1d3,0.001,0.05,0.4912,0.0972189763963543,0.3048293306572451,0.2364476847782043,0.4293213940927576,0.4894159938643371,0.1998080624571066,0.4987181463902055,0.5684637422645866
s1d3,0.001,0.1,0.5137,0.1025940640336527,0.192510619578516,0.2346240644946605,0.3657910820148677,0.4877474519382614,0.2053831947749287,0.4913221882486278,0.5032785415686609
s1d3,0.001,0.5,0.5206,0.0927786866090208,0.1841469282267707,0.2347448644290335,0.3181486750476848,0.4874602984335617,0.1950367859652732,0.4914843533993275,0.4790056896381138
s1d3,0.005,0.001,0.546,0.0787567188595466,0.7018352281319165,0.2426736033154252,0.4869190196372274,0.4935237906303305,0.2665449651599901,0.5368402642284894,0.6214118163427829
s1d3,0.005,0.005,0.569,0.0869362000467399,0.5618987393976053,0.2393973703130051,0.5605838988434652,0.4987669485878976,0.3245327256787173,0.5024953949009019,0.6003209308933143
s1d3,0.005,0.01,0.562,0.0462724935732647,0.3940392890037528,0.2366737848426097,0.5677057802040405,0.4983994932190494,0.3156795810282217,0.4747652324235867,0.5305293349183704
s1d3,0.005,0.05,0.5291,0.0944145828464594,0.1490287725279409,0.2309740731292191,0.3313771386235847,0.4945621158638709,0.1992627237505786,0.4605615510869488,0.4738754591876621
s1d3,0.005,0.1,0.5315,0.0932460855340032,0.1484321515472279,0.2309953722229761,0.3266998037323072,0.4945416080525414,0.2016754144686753,0.4605565220770607,0.4723354460106773
s1d3,0.005,0.5,0.5337,0.0932460855340032,0.1480609818126829,0.2310108278586721,0.3207219770004118,0.4945316050478958,0.1948610612138432,0.4605543498914544,0.4724949845257959
s1d3,0.01,0.001,0.549,0.1133442393082495,0.3793822085973909,0.2336223310525975,0.6068731210912193,0.5047361008992584,0.3690201350538383,0.4777038830831957,0.540630363768865
s1d3,0.01,0.005,0.6169,0.0556204720729142,0.2341256203346026,0.233827547275508,0.5667761150887197,0.5014234739524988,0.3157365325553303,0.4606737576636601,0.4821975924264638
s1d3,0.01,0.01,0.5202,0.1135779387707408,0.1213780020070658,0.2299562452241244,0.397375814185455,0.4977130133884337,0.2130913340976055,0.448532480511433,0.4756034377797228
s1d3,0.01,0.05,0.5331,0.1084365505959336,0.1195166545234592,0.2300478859386198,0.327812568897428,0.4975716362470095,0.1995169414600266,0.4484610287157462,0.4752441080559226
s1d3,0.01,0.1,0.535,0.1079691516709511,0.1194396711711092,0.2300584750063372,0.3247548761541136,0.4975650704954041,0.198905245988646,0.4484592229443544,0.4753376856774461
s1d3,0.01,0.5,0.5368,0.1077354522084599,0.1193736854405235,0.2300660730557043,0.3219970948135441,0.4975616742734786,0.2017329737603194,0.4484583884035297,0.4731154209953709
s1d3,0.05,0.001,0.4691,0.1231596167328815,0.0858584331138391,0.2291867840095669,0.4673744242764661,0.5005620005501181,0.2347083833086666,0.4374149022828931,0.4760464827565795
s1d3,0.05,0.005,0.5158,0.1159149333956531,0.0732359127338715,0.2293803107362273,0.4000215805390656,0.5002933248533535,0.2120666758768043,0.4363436029538842,0.4753516634670657
s1d3,0.05,0.01,0.5213,0.1161486328581444,0.0730874448400533,0.2293954290571147,0.3756283696831622,0.5002432077407323,0.2079169942448419,0.4363288565116975,0.4766990868841977
s1d3,0.05,0.05,0.5293,0.1166160317831269,0.0730627001910835,0.2294107241140034,0.3294285991918913,0.500215577954501,0.2018936183585357,0.4363253734486848,0.4744381196072149
s1d3,0.05,0.1,0.5309,0.1166160317831269,0.0730627001910835,0.2294127775416931,0.3222172768777627,0.5002130168010265,0.1975744907805953,0.4363253745258497,0.4755913314212043
s1d3,0.05,0.5,0.5324,0.1163823323206356,0.0730627001910835,0.2294144690706133,0.324329802535327,0.5002111352926614,0.2027560762912414,0.4363254510422257,0.4748190265801377
s1d3,0.1,0.001,0.4874,0.1243281140453377,0.0717539832011324,0.2292490943836667,0.4628488647299374,0.5007734799132345,0.2281515675303589,0.4352420517739082,0.4661672763518649
s1d3,0.1,0.005,0.512,0.122692217807899,0.0658812531789999,0.2293330471123883,0.4001273761933329,0.5002879619398126,0.2144357198568977,0.4347260239024662,0.4724078888460699
s1d3,0.1,0.01,0.5177,0.122692217807899,0.0658867519898823,0.229340243739039,0.3782264933502655,0.5002640619790384,0.2086506828094227,0.4347204943642961,0.4734149503121592
s1d3,0.1,0.05,0.5255,0.122692217807899,0.0658977496116463,0.2293477560004241,0.3281190078713979,0.5002496623581455,0.2026903464060215,0.4347191193618815,0.4760978443671872
s1d3,0.1,0.1,0.527,0.122692217807899,0.0658977496116463,0.2293487997165153,0.3260071970110141,0.5002482191036081,0.2011640998594631,0.4347191483109436,0.4746106399052092
s1d3,0.1,0.5,0.5285,0.122692217807899,0.0658922508007643,0.229349659184012,0.3228350997979629,0.5002471369048412,0.2037497089062374,0.4347192107432202,0.4749883312585526
s1d3,0.5,0.001,0.496,0.1245618135078289,0.0604951679199372,0.2292951938459908,0.4447674706396154,0.5002307269760159,0.2244217304492272,0.4334703239547204,0.4760305545181349
s1d3,0.5,0.005,0.508,0.1245618135078289,0.0601047523473051,0.2292979403361795,0.3957377849328397,0.5001400460704141,0.2076984255992902,0.4334284133400277,0.4760600316031712
s1d3,0.5,0.01,0.514,0.1245618135078289,0.0600965041309817,0.2292993391821563,0.3753229999696799,0.5001357622347458,0.20844751859686,0.433427486002869,0.4754860983804505
s1d3,0.5,0.05,0.5218,0.1245618135078289,0.0601075017527458,0.2293008071221333,0.3253811490912241,0.5001329652054493,0.1989320384627663,0.4334272598323677,0.4754658962632941
s1d3,0.5,0.1,0.5235,0.1245618135078289,0.0601047523473051,0.2293010186899297,0.3257628987974759,0.5001326633593467,0.1998910264545722,0.4334272691620353,0.4761113882487457
s1d3,0.5,0.5,0.525,0.1245618135078289,0.0601047523473051,0.229301192862989,0.3224894558898591,0.5001324349501793,0.2028000942932132,0.4334272845507653,0.4765496260109193
s2d1,0.001,0.001,0.4799,0.2061611374407582,0.8667315504400813,0.2888693656472076,0.2681372853349887,0.4882925295637188,0.1932829670624564,0.813335632505483,0.6672502470263371
s2d1,0.001,0.005,0.4634,0.1675355450236967,0.8250620627397878,0.2612546202891513,0.3541567324689725,0.4957879444302453,0.2048737184778147,0.6508192257556663,0.6994905823857972
s2d1,0.001,0.01,0.4906,0.133649289099526,0.8000987361769352,0.258829620049934,0.3408706861268287,0.4955726134037299,0.2120729059398163,0.6134051396053396,0.6697024257908823
s2d1,0.001,0.05,0.417,0.1139810426540284,0.610104942450914,0.2416377274736787,0.4312448565036992,0.4991206266644498,0.268279836691055,0.4917332717100692,0.5106512667487996
s2d1,0.001,0.1,0.5296,0.0798578199052132,0.3345548408937033,0.2409380823991231,0.3427563984083453,0.4901401439004293,0.2416784904830645,0.4690448418254364,0.3467043325176101
s2d1,0.001,0.5,0.5292,0.0940758293838862,0.3273555630783119,0.2409343845790198,0.2867861595079801,0.4899647845667311,0.2361609438804381,0.4690397577725889,0.3406720462609572
s2d1,0.005,0.001,0.4695,0.1812796208530805,0.7077578424734823,0.2431048499783815,0.4299922793746474,0.5045329395572353,0.3075760481750204,0.5146886123767226,0.7650869909942403
s2d1,0.005,0.005,0.4775,0.3094786729857819,0.4914494470774092,0.239489045728104,0.4715920560834696,0.4999342161431034,0.3003273865654138,0.4535576256235,0.5529281466733453
s2d1,0.005,0.01,0.5061,0.3045023696682464,0.4213580455879034,0.2390734755538811,0.4300906577887003,0.5004986751911488,0.2709071750896675,0.4460561368031138,0.3960342140843292
s2d1,0.005,0.05,0.5303,0.1364928909952606,0.2984681787406906,0.2372346341678201,0.2841357926141157,0.4942054751344799,0.2329012976838814,0.4314959690774284,0.3391826667469392
s2d1,0.005,0.1,0.53,0.1334123222748815,0.2978419092755585,0.2372351251312128,0.2789044309738364,0.4941990769758724,0.2262016844212618,0.4314888310293219,0.3380884176278217
s2d1,0.005,0.5,0.5298,0.1315165876777251,0.2975823741819002,0.2372357019308922,0.2833911844654957,0.4941975315032912,0.2371001730121584,0.4314853164900127,0.3360152619696596
s2d1,0.01,0.001,0.4764,0.2002369668246445,0.5114900699616339,0.2377029299988743,0.5330846425074592,0.5052854021679524,0.3519927027423254,0.4446829203654457,0.6141105169709655
s2d1,0.01,0.005,0.4969,0.1938388625592417,0.3661729857819905,0.2369737852765179,0.4431600534222701,0.4993977411707396,0.2876550201955012,0.4261583416281294,0.374202828461076
s2d1,0.01,0.01,0.5268,0.2260663507109004,0.2641249153689911,0.236262376470847,0.3606045876003569,0.4962062455412605,0.2340297376398411,0.4168710323302355,0.3171185606904663
s2d1,0.01,0.05,0.5286,0.1860189573459715,0.2614251861882195,0.2362876687922783,0.2963255472627821,0.4960671076294454,0.2424766055137608,0.4168316310301671,0.3118240897782504
s2d1,0.01,0.1,0.5286,0.1831753554502369,0.2612982396750167,0.2362891026161895,0.282219173827232,0.4960643863400034,0.2244392270859233,0.416830011424911,0.3147771448413586
s2d1,0.01,0.5,0.5286,0.1938388625592417,0.2612079665989617,0.236290232729406,0.2957619359266751,0.4960632391319068,0.2442220882658696,0.4168289028464855,0.314432263162892
s2d1,0.05,0.001,0.4863,0.3350710900473934,0.2225457007447527,0.2356345839510474,0.4336663340830504,0.4990698059880183,0.2683774778726339,0.4044978586463159,0.3317403811112617
s2d1,0.05,0.005,0.5144,0.109952606635071,0.1802499435793272,0.235710131001571,0.3860313864503158,0.4979898497510786,0.2592406849089845,0.4023899059456712,0.3140583034480743
s2d1,0.05,0.01,0.517,0.1165876777251184,0.179990408485669,0.2357184931806324,0.360830880641887,0.4979525037498474,0.2462783522996674,0.4023862868073983,0.3182363371838316
s2d1,0.05,0.05,0.5186,0.121563981042654,0.17985217783796,0.235723439577696,0.2839086831973299,0.4979362064493468,0.2294122816055316,0.4023849249918657,0.3210450976395242
s2d1,0.05,0.1,0.5186,0.1218009478672985,0.1798296095689463,0.2357239609381428,0.2906958178042973,0.4979352466875922,0.241067782814642,0.4023849200468447,0.3166499817728295
s2d1,0.05,0.5,0.5187,0.1220379146919431,0.1798098623335589,0.2357243727913039,0.2802183927824578,0.4979346910426055,0.2175032364770453,0.4023849558563709,0.3181430285133744
s2d1,0.1,0.001,0.4876,0.3293838862559242,0.1870486346197248,0.2356131083353989,0.4370250231479602,0.4988837756586405,0.2727861753598702,0.401579132991732,0.3279811127488037
s2d1,0.1,0.005,0.5126,0.2028436018957346,0.1641333784698715,0.23567273523711,0.3757511422249057,0.498168991499244,0.2447831012331982,0.4005124522307697,0.3130165497005304
s2d1,0.1,0.01,0.5145,0.2014218009478673,0.1640318212593096,0.2356763943896588,0.3497060904191464,0.4981540358425855,0.2509741621522938,0.4005111227135832,0.3128207000587285
s2d1,0.1,0.05,0.5162,0.2009478672985782,0.1639810426540286,0.2356788722731099,0.2827774365232969,0.4981465253056883,0.2294958149003065,0.4005106650683006,0.3216277084567027
s2d1,0.1,0.1,0.5163,0.2011848341232227,0.163983863687655,0.2356791485856719,0.2939616720741008,0.4981460428830347,0.2440157088811638,0.4005106847991951,0.3229857893534362
s2d1,0.1,0.5,0.5163,0.2018957345971564,0.163983863687655,0.2356793669007443,0.2845013827307777,0.4981457602690218,0.2387286501866637,0.4005107208307052,0.3191628726786893
s2d1,0.5,0.001,0.494,0.309952606635071,0.1506178063642519,0.2356405074017992,0.4124839237641298,0.498199400600033,0.2497807321587339,0.3990226960920558,0.3255664840677634
s2d1,0.5,0.005,0.5117,0.309952606635071,0.150214398555631,0.2356470394520708,0.3748446900170959,0.4981633988907834,0.2438503526224601,0.3990139557346616,0.3163532013213898
s2d1,0.5,0.01,0.5136,0.309952606635071,0.150200293387497,0.235647727081396,0.3518881586404078,0.4981611839021808,0.2500475324642924,0.3990137528893916,0.3161442435494117
s2d1,0.5,0.05,0.5153,0.309952606635071,0.1501946513202435,0.2356482147930009,0.2811578025844993,0.4981599766150286,0.222814706967593,0.3990137076651824,0.3118101138169054
s2d1,0.5,0.1,0.5154,0.309952606635071,0.1501974723538707,0.2356482725624981,0.281333091844318,0.4981598764115941,0.2314394847583722,0.3990137169162657,0.317927992996148
s2d1,0.5,0.5,0.5155,0.309952606635071,0.150200293387497,0.2356483182120936,0.2916897883104582,0.4981598085443739,0.2419609520763165,0.3990137284565793,0.3233560575645812
s2d4,0.001,0.001,0.5392,0.04860088365243,0.8558404489619632,0.2967657593567583,0.2863320469902632,0.4887461927935146,0.1548921746917469,0.8124539310437641,0.689757274761444
s2d4,0.001,0.005,0.5591,0.0276550482736049,0.8053054019760121,0.2716628100188923,0.3490501630808029,0.4947054338529896,0.1466338815959496,0.657360983800051,0.7259196827698535
s2d4,0.001,0.01,0.509,0.0911471117656684,0.7905778614752756,0.2619385336314779,0.3395485007095706,0.4988549472284543,0.1348433626117996,0.6333025559601211,0.7659621533840449
s2d4,0.001,0.05,0.5376,0.0366552119129438,0.4974810272258303,0.2465867798923244,0.4274625258181472,0.4895816841122601,0.2449435861268616,0.5012986331945922,0.4965559873278517
s2d4,0.001,0.1,0.5827,0.0530191458026509,0.3354029685785642,0.2423037897565366,0.3736961555757657,0.4881946330651653,0.1986542005871493,0.4851491346741755,0.4270766373619911
s2d4,0.001,0.5,0.5345,0.1358206512845688,0.2969946696497313,0.2409681817428997,0.2951577363272809,0.4872082611526677,0.1679416871903706,0.4843671082282879,0.4165202882887003
s2d4,0.005,0.001,0.5797,0.0142366224840451,0.69430293665548,0.2505628919985481,0.4892507548792668,0.5021373602518805,0.3017907075553936,0.5263375003506973,0.7273409424018622
s2d4,0.005,0.005,0.5289,0.0736377025036818,0.5819712370329236,0.244510092659717,0.5241483722627133,0.5038859342591026,0.3064318106802244,0.4807954398048273,0.5595154669086042
s2d4,0.005,0.01,0.5256,0.0055637375225004,0.4589842020972662,0.2426301375156543,0.4816498491078119,0.4992125161036665,0.2896879874813158,0.4583557948811934,0.5298466780487747
s2d4,0.005,0.05,0.531,0.1189657993781705,0.2625096909362584,0.2370198176126692,0.3437079811213213,0.4944572857960019,0.195132174716971,0.4413049445555883,0.4327339470228152
s2d4,0.005,0.1,0.5266,0.122565864833906,0.261706248608395,0.2369887900148204,0.3063017233895114,0.4944776178446681,0.1753550051670457,0.4412899400595269,0.4253906684767038
s2d4,0.005,0.5,0.5241,0.1240386188839797,0.2613092220156611,0.2369727583062917,0.2764689799676399,0.4944941813877773,0.2054676071795498,0.4412831288388569,0.4178853292575449
s2d4,0.01,0.001,0.5606,0.0068728522336769,0.5138275241368025,0.2417836338794531,0.5665026657368303,0.5023199217756295,0.3674942191223745,0.4641667021460641,0.5144241708325885
s2d4,0.01,0.005,0.5382,0.0004909180166912,0.315593219429623,0.2386574662160143,0.4303488476564913,0.4961880318470964,0.2543184570784211,0.4305654043701172,0.4138390752045179
s2d4,0.01,0.01,0.5369,0.0003272786777941,0.31367917568695,0.2385910906292357,0.4143419392917479,0.4961268686956801,0.2480514113323244,0.4304503051855033,0.4087827452276079
s2d4,0.01,0.05,0.5226,0.1044018982163312,0.2198414039718754,0.2361315621575394,0.3114672554644755,0.4974540227974082,0.1635346760420478,0.4255272744989136,0.4025034731666411
s2d4,0.01,0.1,0.521,0.1053837342497136,0.2197059320601655,0.236125458521094,0.2774422655633119,0.497460603610893,0.2105732612040681,0.4255231600662382,0.4050888068737629
s2d4,0.01,0.5,0.5199,0.1073474063164784,0.2196361841452259,0.2361220631484052,0.2765424071743148,0.4974650291014911,0.2116844521896637,0.4255209450870487,0.4052381222793681
s2d4,0.05,0.001,0.5339,0.0055637375225004,0.1629619793385216,0.2360924692722364,0.4258920978478899,0.5002086452903791,0.256719855771553,0.4115429591687145,0.412418139885779
s2d4,0.05,0.005,0.5166,0.0793650793650793,0.1370291680415053,0.2356836903509763,0.3437717572845916,0.5003399399141174,0.1855498529223237,0.4104086184772954,0.4019601731363118
s2d4,0.05,0.01,0.5141,0.0805105547373588,0.1370090484506573,0.2356806853282275,0.2887302032372944,0.5003423313805543,0.1763645647315202,0.4104051960977646,0.403644926130343
s2d4,0.05,0.05,0.5128,0.0814923907707412,0.136995635390092,0.2356795460350273,0.2755246509534291,0.5003440273773799,0.1987527158330034,0.4104039131063355,0.4017774362934497
s2d4,0.05,0.1,0.5126,0.0814923907707412,0.1369942940840355,0.2356794050676564,0.2749988319803562,0.5003442889497004,0.2083358548848987,0.4104037753779626,0.4032590661310461
s2d4,0.05,0.5,0.5124,0.0816560301096383,0.1369969766961485,0.2356792925243091,0.2772160422919129,0.5003445087698757,0.2098148410339854,0.4104036696398282,0.4084520170476157
s2d4,0.1,0.001,0.5306,0.0402552773686794,0.1343277776436471,0.2358316903261663,0.4145052928460106,0.5006841063302122,0.2518774977300487,0.4089912964388007,0.4085158644067969
s2d4,0.1,0.005,0.5121,0.0697103583701521,0.1221084794686283,0.2356516951970665,0.2849663234363019,0.5005623071913119,0.211828192814162,0.4084532890367983,0.4078338479356966
s2d4,0.1,0.01,0.5116,0.0697103583701521,0.122103114244402,0.2356514464084643,0.2783379186389427,0.5005626845548076,0.1729563370722803,0.40845275121654,0.4073209693454072
s2d4,0.1,0.05,0.5111,0.0700376370479463,0.1220964077141193,0.2356512493885393,0.2760715208612986,0.5005631018523405,0.2098435994030869,0.4084524378057029,0.406713903955322
s2d4,0.1,0.1,0.511,0.0702012763868434,0.1220964077141193,0.2356512248868695,0.2781422693685305,0.5005631627970345,0.2118859583907571,0.4084524074901942,0.4041690544930435
s2d4,0.1,0.5,0.5109,0.0702012763868434,0.1220977490201757,0.2356512053056787,0.2788663275010892,0.5005632133531076,0.2110700484870959,0.4084523849850123,0.4069711566779579
s2d4,0.5,0.001,0.5086,0.0630011454753722,0.1096048244096241,0.2356335311373278,0.2942397006491739,0.5006065440604337,0.2085789080562798,0.4068948031540225,0.4080548073509532
s2d4,0.5,0.005,0.5099,0.0630011454753722,0.1096008004914546,0.2356337342837106,0.2840540440030369,0.5006061198854954,0.2131070965404582,0.4068938186535562,0.4075093886304382
s2d4,0.5,0.01,0.5101,0.0630011454753722,0.1096021417975111,0.2356337588755203,0.278307964345578,0.5006060712033766,0.2108322969069196,0.4068937798896045,0.4015719750622472
s2d4,0.5,0.05,0.5103,0.0630011454753722,0.1096008004914546,0.2356337784227151,0.2780275446959345,0.5006060326268508,0.2087905921362501,0.4068937698619038,0.4011984667532849
s2d4,0.5,0.1,0.5103,0.0630011454753722,0.1096008004914546,0.2356337808582707,0.2813823672735077,0.5006060278165958,0.2136530315487551,0.4068937702069481,0.4033400676153251
s2d4,0.5,0.5,0.5103,0.0630011454753722,0.1096008004914546,0.2356337828054643,0.2779222240861348,0.5006060239682298,0.211758300144992,0.4068937707980398,0.4025322710845677
s2d5,0.001,0.001,0.5747,0.0112359550561797,0.8726135442224867,0.2985825796415727,0.1875125270004508,0.4770584128291097,0.1029582498790397,0.8161175788331358,0.6857963307626154
s2d5,0.001,0.005,0.6099,0.0012257405515832,0.827115824057791,0.2699950233708101,0.2689662512951543,0.4929430184323365,0.1445864875049774,0.6643688072250606,0.6644632547373427
s2d5,0.001,0.01,0.6453,0.0012257405515832,0.7977085812369027,0.2640382348753418,0.2560721813009707,0.4955627892666047,0.0997534291984781,0.6050024966923387,0.6404368316944494
s2d5,0.001,0.05,0.6952,0.0022471910112359,0.60472815728231,0.2516553708489512,0.3838996196511764,0.4887731421376698,0.2378465527948581,0.5173987351922329,0.4669650990811681
s2d5,0.001,0.1,0.599,0.0177732379979571,0.406495161273338,0.2424987394489065,0.378486407854742,0.4897812256765763,0.2449078850789799,0.4843463021067521,0.4610959538016804
s2d5,0.001,0.5,0.5516,0.0941777323799795,0.3672967366237378,0.2416508826469365,0.2712689402628092,0.4897454122323914,0.2229804324067133,0.4836187115198742,0.4120188151916498
s2d5,0.005,0.001,0.5401,0.0731358529111338,0.7346629740004003,0.2462724669514501,0.3764018590148605,0.5000013451227036,0.2113747528457573,0.5221402617876556,0.6782371966206924
s2d5,0.005,0.005,0.5318,0.101532175689479,0.6423870349504542,0.2426192237486024,0.4513850818825204,0.4995207781780225,0.263291166374112,0.4861366505408787,0.6436537475645977
s2d5,0.005,0.01,0.731,0.0,0.5183871613154598,0.245785448354217,0.4090075376327322,0.4942847056591748,0.2494152138233644,0.4650287747216197,0.4588629790173851
s2d5,0.005,0.05,0.5523,0.0956077630234933,0.338325453071196,0.2374478081611802,0.3063678807960087,0.4937974622551896,0.2333429581718652,0.4466744634985483,0.4143919793756456
s2d5,0.005,0.1,0.5498,0.0994892747701736,0.3376114907911504,0.2374276095335555,0.2811470438963973,0.4938141198870793,0.2314803053409629,0.446664384168694,0.408037428726023
s2d5,0.005,0.5,0.5482,0.1003064351378958,0.3372008045238671,0.2374167741406439,0.28085355172744,0.4938261491826174,0.2320102253641554,0.4466599240539085,0.4069086769706239
s2d5,0.01,0.001,0.5299,0.0954034729315628,0.577203753040658,0.2395049508898283,0.562069090220552,0.502547598708522,0.40782503490844,0.4557409763920988,0.5351321932496311
s2d5,0.01,0.005,0.5466,0.0858018386108273,0.3954087381401178,0.237771605953533,0.4319202986679591,0.4965591893044169,0.2632823788704322,0.4363825851393459,0.4324449560284306
s2d5,0.01,0.01,0.5463,0.086414708886619,0.3930625612080496,0.2377374980632794,0.4277482312237749,0.4964432838619403,0.2616895214501475,0.4365220257102747,0.4306853463354579
s2d5,0.01,0.05,0.5466,0.1413687436159346,0.2969619746638164,0.2363425827174069,0.2833747321949375,0.495576498965856,0.231147755737193,0.431814921830334,0.380539778611391
s2d5,0.01,0.1,0.5464,0.1430030643513789,0.2968040184071692,0.2363421633847012,0.2796474481184612,0.4955770486155299,0.2314025513597181,0.4318159963631247,0.3822352718580041
s2d5,0.01,0.5,0.5463,0.1427987742594484,0.2967029264029146,0.2363419592546688,0.2796037366427173,0.4955777933659342,0.2296364573035641,0.4318168544220662,0.3793190033979634
s2d5,0.05,0.001,0.5435,0.0157303370786516,0.2323557596116382,0.2357831819437923,0.4334426223041485,0.4975030273346961,0.2733901708830791,0.4180697777604583,0.4304923092110823
s2d5,0.05,0.005,0.5182,0.350561797752809,0.2060255046702398,0.2356365608108707,0.3583126983529049,0.497036423302025,0.2390586122226607,0.4171717735132415,0.3744596931606649
s2d5,0.05,0.01,0.5246,0.350561797752809,0.2058675484135927,0.2356492383998811,0.3143464774168228,0.4969898437252826,0.2050760553947488,0.41718148549679,0.3790985682096902
s2d5,0.05,0.05,0.5305,0.350561797752809,0.2057538199088066,0.2356579561277954,0.2694447757138761,0.4969670548279876,0.2155206132600634,0.417189180992791,0.3807593686362963
s2d5,0.05,0.1,0.5314,0.350561797752809,0.2057432894916969,0.2356589111999268,0.2714733776313512,0.4969650811474886,0.2234023122229026,0.4171900980517289,0.3772334284817195
s2d5,0.05,0.5,0.5321,0.350561797752809,0.2057369712414309,0.2356596828872128,0.2787900205868032,0.4969635913166399,0.2292980021140548,0.4171908503268108,0.3810653948081285
s2d5,0.1,0.001,0.5375,0.3317671092951992,0.2015332287311899,0.2356401840366736,0.4299412994009,0.4976150031690818,0.2620806699847553,0.4157647769497424,0.4293327721450124
s2d5,0.1,0.005,0.5129,0.350561797752809,0.188012173162179,0.2355885496170265,0.3570644014865911,0.4970886079532943,0.2440042673320113,0.4152817761545107,0.3793448398193398
s2d5,0.1,0.01,0.5185,0.350561797752809,0.1879869001611153,0.2355944288110665,0.3154568310705379,0.4970698616667802,0.2000899912515444,0.4152863479093512,0.3776847169262411
s2d5,0.1,0.05,0.5239,0.350561797752809,0.1880016427450691,0.2355985205297122,0.2788549975403138,0.497060125001726,0.228541098870753,0.4152899566888878,0.3818498871734952
s2d5,0.1,0.1,0.5248,0.350561797752809,0.1879869001611153,0.2355990612160119,0.2805509744922013,0.497059088368105,0.2323919128855294,0.4152904623595719,0.3782079748790992
s2d5,0.1,0.5,0.5256,0.350561797752809,0.1879890062445374,0.2355994985712511,0.2773684089125858,0.4970583043854671,0.2266692446191233,0.4152908774635111,0.3812291056181821
s2d5,0.5,0.001,0.5007,0.350561797752809,0.1727578109368912,0.2355499011699941,0.3859194855446111,0.4969587101992821,0.2538481174625665,0.4137700944613282,0.386822136220693
s2d5,0.5,0.005,0.5109,0.350561797752809,0.1726588250160587,0.2355541769461661,0.3546382237508779,0.4969334892151476,0.2421474301617862,0.4137718868090745,0.3813892673059481
s2d5,0.5,0.01,0.5155,0.350561797752809,0.1726609310994808,0.2355551609982135,0.3350350866259693,0.4969310777524153,0.2369701710411133,0.4137726591574594,0.3796261553026097
s2d5,0.5,0.05,0.521,0.350561797752809,0.172663037182903,0.2355560513031578,0.2736695638930941,0.4969294061233731,0.2221626574659989,0.413773429986707,0.3811450283008396
s2d5,0.5,0.1,0.522,0.350561797752809,0.172663037182903,0.2355561694502836,0.2793639348126244,0.4969292268624896,0.2296115083351947,0.4137735384023291,0.3803625096549194
s2d5,0.5,0.5,0.5228,0.350561797752809,0.172663037182903,0.2355562651004118,0.278804481969833,0.4969290911032031,0.2284965749244102,0.4137736274745505,0.3786767587564089
s3d10,0.001,0.001,0.5065,0.0845008110898097,0.8460447765270062,0.2841757017298806,0.3802492194015253,0.4874950780197995,0.1815691994596455,0.7737109894420584,0.7546586123953501
s3d10,0.001,0.005,0.5002,0.078454505235216,0.8222167603379813,0.2628198454656381,0.4555142654917871,0.4991105866642327,0.2110382407721724,0.6594204849777321,0.7642874321313246
s3d10,0.001,0.01,0.4218,0.107358796637664,0.7918847323949816,0.248777001520031,0.5190482739146922,0.5047064547744866,0.283465923731904,0.6165655757021379,0.8134317997715941
s3d10,0.001,0.05,0.5808,0.0179914466892788,0.4702529398591926,0.2402401683713307,0.559453027700278,0.497748619903164,0.327028137130763,0.5303943393551992,0.5099988163006681
s3d10,0.001,0.1,0.5189,0.0467482672172245,0.2110614079645196,0.2337271409446145,0.425007103358038,0.4899627817264074,0.2737604755336509,0.4960256123273295,0.4868598946498761
s3d10,0.001,0.5,0.5167,0.0558914614363663,0.2069289463479111,0.2336673307705605,0.3712219370296391,0.4898263252185778,0.2709566772965237,0.4960234348579699,0.4860217135019415
s3d10,0.005,0.001,0.598,0.014452145701224,0.6831145848694883,0.2447541970268612,0.616713291753337,0.5040513865885053,0.3808640270059087,0.5572392449427684,0.6865196261483977
s3d10,0.005,0.005,0.5505,0.049550213832768,0.4750025943950144,0.2354364473563246,0.6219792333205044,0.5031163569502605,0.3723707725624277,0.4944962956022268,0.5633293555558397
s3d10,0.005,0.01,0.5618,0.026839699159416,0.4089367349948386,0.2351362882433815,0.6097535452873126,0.5020457293820332,0.3611791227736199,0.4886892878012375,0.4953736439683568
s3d10,0.005,0.05,0.5158,0.0628225925379737,0.1713327543736037,0.230339418467611,0.3788139148564615,0.4971306160100718,0.273645233483712,0.463955426089662,0.4616635649128569
s3d10,0.005,0.1,0.5158,0.06193776729096,0.1710902467133112,0.2303375745122967,0.3747656093453057,0.4971219058626515,0.2750881201779167,0.4639503157275022,0.4634822770875678
s3d10,0.005,0.5,0.5159,0.0626751216634714,0.1709001731417305,0.2303364935206445,0.3743042129604861,0.4971175547875502,0.2746519819017734,0.4639472670072962,0.4635804050625957
s3d10,0.01,0.001,0.4309,0.1047043208966229,0.4098106364733704,0.2305616696873053,0.6604784339406669,0.5073947069315665,0.4527881287504942,0.4786849102879745,0.5735092477238823
s3d10,0.01,0.005,0.4783,0.2514378410263972,0.2160634015522675,0.2301261930175933,0.5476052106402364,0.5032702917375959,0.335026318709179,0.459524660317768,0.4895831787907084
s3d10,0.01,0.01,0.5048,0.119746350095856,0.1383276802831439,0.2295569272243304,0.4340250968558665,0.5003348894063063,0.2845749397343058,0.4516800055753343,0.4639918888313483
s3d10,0.01,0.05,0.5114,0.112520277245244,0.1375925106643291,0.2295954713021662,0.3752760829446321,0.5002328926193982,0.2760539609688721,0.4516783633346942,0.4623966598269979
s3d10,0.01,0.1,0.512,0.111487981123728,0.137540076575617,0.2295983921695668,0.372571327410969,0.5002280201259834,0.2751297478966735,0.4516784053135656,0.463622137466576
s3d10,0.01,0.5,0.5126,0.1110455685002212,0.1375029357627795,0.2296007320124422,0.3745515526848395,0.5002247048594447,0.2753477432691445,0.451678515914141,0.4623793414802047
s3d10,0.05,0.001,0.3886,0.1427518065182126,0.0975918552382201,0.2285897293570202,0.5450238406632413,0.5032457901729769,0.337262486053338,0.4413538840087656,0.4643781906437957
s3d10,0.05,0.005,0.4874,0.2363958118271641,0.0836378333797592,0.2291867232588859,0.4412290027986683,0.502723770355518,0.2846933579681872,0.4396770879138837,0.4648904997534788
s3d10,0.05,0.01,0.4941,0.2363958118271641,0.0835974154363772,0.2292027928239791,0.4215547916363568,0.5027011342423268,0.2258224005246562,0.4396808195540415,0.4638968276710378
s3d10,0.05,0.05,0.4998,0.2363958118271641,0.0835777526531101,0.2292133670366911,0.3804339563752044,0.5026902538926096,0.2775970631780333,0.439684744788635,0.4629185477435764
s3d10,0.05,0.1,0.5006,0.2363958118271641,0.0835777526531101,0.2292147264110562,0.3749676852628386,0.5026892003043355,0.2758606450064554,0.4396853801227129,0.4646811768152765
s3d10,0.05,0.5,0.5014,0.2363958118271641,0.0835799374068065,0.2292158202394908,0.3722559093448712,0.5026884333999855,0.2753801557791442,0.4396859189248608,0.4628123468344923
s3d10,0.1,0.001,0.4818,0.2363958118271641,0.0796047780563337,0.2291196720835811,0.531079934533017,0.5031954345431435,0.3196664809186395,0.4388606431309927,0.4667733745340089
s3d10,0.1,0.005,0.4895,0.2363958118271641,0.075100908311349,0.2291764869035567,0.4457923637843877,0.5026523129182915,0.285034803878153,0.4381219719999141,0.4645217037303421
s3d10,0.1,0.01,0.4952,0.2363958118271641,0.0750714141364486,0.2291840060113475,0.427312720036164,0.5026427232826631,0.2809211479939719,0.4381237123503022,0.4652281070451226
s3d10,0.1,0.05,0.5006,0.2363958118271641,0.0750746912669931,0.2291896457432101,0.378983199432551,0.5026378629916248,0.2755884510607812,0.4381258844080187,0.4628256519958186
s3d10,0.1,0.1,0.5015,0.2363958118271641,0.0750725065132967,0.229190376088416,0.3739080448067063,0.50263741814202,0.2760692539544217,0.438126239365515,0.4623891925709096
s3d10,0.1,0.5,0.5023,0.2363958118271641,0.0750703217596007,0.2291909646430365,0.3728815767417831,0.502637100980984,0.2746656513456414,0.4381265409858655,0.463089214146037
s3d10,0.5,0.001,0.4703,0.2363958118271641,0.0682866615324955,0.2291629917905216,0.515134580359277,0.5021576196525791,0.3111859189794875,0.4368850915342167,0.4641083572322693
s3d10,0.5,0.005,0.4938,0.2363958118271641,0.0682418740817208,0.2291725504269159,0.4425855815867454,0.5021258501565267,0.2847131634916782,0.4368786675674561,0.4646199347136515
s3d10,0.5,0.01,0.4989,0.2363958118271641,0.0682451512122653,0.229173916887939,0.4186624445518299,0.5021244391102655,0.2814172476225834,0.4368789707501886,0.464210875042213
s3d10,0.5,0.05,0.5044,0.2363958118271641,0.0682484283428097,0.2291750997814282,0.3774165693156351,0.5021237422686854,0.2762019948129613,0.4368794339012197,0.462317372596394
s3d10,0.5,0.1,0.5054,0.2363958118271641,0.0682495207196578,0.2291752539206878,0.3753276595617635,0.5021236937929158,0.2743136859574897,0.4368795106311293,0.4636165005791605
s3d10,0.5,0.5,0.5062,0.2363958118271641,0.0682495207196578,0.2291753782920531,0.3739402348961703,0.5021236634871402,0.2754879715532642,0.4368795759740712,0.4625570601234158
s3d3,0.001,0.001,0.504,0.0820809248554913,0.8653071649415244,0.2949081228120676,0.3446928408092366,0.4873931928048672,0.1926650467740207,0.7813210903512876,0.7191136853076368
s3d3,0.001,0.005,0.5388,0.0268208092485549,0.7991531119774162,0.281267694719807,0.3761436144870062,0.4930438346801057,0.1695031289157071,0.6945843476137978,0.7233125594590458
s3d3,0.001,0.01,0.4979,0.0848554913294797,0.7496115069229735,0.2656789088675168,0.4017763719277765,0.5005296539522908,0.2080136521785173,0.6512817747329455,0.6783281150925813
s3d3,0.001,0.05,0.5093,0.021271676300578,0.4672079580588789,0.2525333248946793,0.4884684566447828,0.4961241681550406,0.2975538515843915,0.5468993158866113,0.6256894167723484
s3d3,0.001,0.1,0.493,0.1144508670520231,0.1594300309181343,0.2393127212390472,0.3782840417887402,0.4928710549239734,0.2584673721259197,0.5225015482815307,0.4883050252448416
s3d3,0.001,0.5,0.4897,0.141271676300578,0.1536174216964644,0.2392321837447043,0.310964160611679,0.4927289093735427,0.2518561059359241,0.5225331705047707,0.4747269440549389
s3d3,0.005,0.001,0.3953,0.2409248554913294,0.6856835596182282,0.2402371951019446,0.4848697386710268,0.5029007599593315,0.4194482703507644,0.5840083369048734,0.709145806022063
s3d3,0.005,0.005,0.3399,0.2786127167630058,0.51074337948649,0.2311230109588359,0.5405437301354993,0.5059633088375888,0.3411678194365211,0.5199239516789051,0.6273103350223067
s3d3,0.005,0.01,0.3378,0.2566473988439306,0.4051512300040328,0.230739841118689,0.4990043718673663,0.5040747201806333,0.307664032522135,0.5027723406542794,0.5496938695374098
s3d3,0.005,0.05,0.488,0.1176878612716763,0.1196773759913966,0.2360493736522296,0.3209490233455929,0.4984621398243241,0.2571918651751752,0.4750937835037446,0.4665017238901653
s3d3,0.005,0.1,0.4887,0.1160693641618497,0.1194246538513241,0.2360576397038522,0.3155822281126548,0.4984425798154877,0.2583650223023809,0.4750850942921421,0.4642478113263554
s3d3,0.005,0.5,0.4892,0.1146820809248554,0.1192982927812879,0.2360636968472367,0.3165376343524491,0.4984312781201793,0.2572896503020296,0.4750794206114134,0.4669480535844514
s3d3,0.01,0.001,0.3999,0.2524855491329479,0.3850651969350719,0.2325680728039431,0.5763375565509298,0.5050451240438388,0.4086777086833929,0.4917993556496143,0.5274347395751563
s3d3,0.01,0.005,0.3388,0.2566473988439306,0.3001747546713268,0.2301707273690876,0.5083734391884972,0.5048354929782081,0.3187037175882453,0.4754651716495376,0.5152533283706011
s3d3,0.01,0.01,0.48,0.1391907514450867,0.0911654792310792,0.2354707205499416,0.372211380837382,0.5009362037346643,0.2601472714096398,0.4572383245253079,0.4620766244897239
s3d3,0.01,0.05,0.4874,0.1269364161849711,0.0905014114800377,0.2355235164749838,0.3108760014325444,0.5008033582294904,0.2500250245852881,0.4572159652109938,0.4635134151636207
s3d3,0.01,0.1,0.4881,0.1250867052023121,0.0904503293453421,0.2355278297404537,0.312785296194263,0.500796545382807,0.2581632823418721,0.4572142066673439,0.4632160844227522
s3d3,0.01,0.5,0.4886,0.1241618497109826,0.0904153784110767,0.2355308761588432,0.3167684625439251,0.5007924283638313,0.2590625409655143,0.4572129480823546,0.4633727845361575
s3d3,0.05,0.001,0.3413,0.2628901734104046,0.0752412958731012,0.233784999781724,0.5017786518108441,0.504201059378802,0.3534206403766954,0.4429610823841289,0.4662726114510361
s3d3,0.05,0.005,0.4826,0.2242774566473988,0.0483828471568758,0.2353675310770876,0.3618543125275406,0.5028057152913454,0.2625044332904447,0.439976276892057,0.4613760595808606
s3d3,0.05,0.01,0.4859,0.2228901734104046,0.0483532732894205,0.2353743075982329,0.3443040298969794,0.5027931440575566,0.2559725188813093,0.4399738730821812,0.4618970523848033
s3d3,0.05,0.05,0.4889,0.2224277456647398,0.0482914370211049,0.2353795694026185,0.3174534626400598,0.5027860207352811,0.2526395038886438,0.439973072346654,0.4613359074909423
s3d3,0.05,0.1,0.4894,0.2219653179190751,0.0482914370211049,0.235380201344895,0.3170088192771345,0.5027853513597679,0.2579688677645251,0.4399730438568555,0.4625274024638112
s3d3,0.05,0.5,0.4898,0.2219653179190751,0.0482887484876998,0.2353807101421444,0.3198828313249512,0.5027848495859205,0.2615924517901856,0.439973036589846,0.4631356991229428
s3d3,0.1,0.001,0.3638,0.2640462427745664,0.0521279741900791,0.2345913094862246,0.4988014930130924,0.5039117218846492,0.3180106667995086,0.4385634479536133,0.4673827431415828
s3d3,0.1,0.005,0.4846,0.210635838150289,0.0423981717972845,0.2353826851432001,0.3582213078865051,0.5029074179550151,0.2584571901678856,0.4377378562914858,0.4609809033127799
s3d3,0.1,0.01,0.4876,0.2104046242774566,0.0423793520634493,0.2353857000651806,0.3411843524189091,0.5029014094810438,0.2599652854100038,0.4377368355507268,0.4629092227699197
s3d3,0.1,0.05,0.49,0.2104046242774566,0.0423820405968544,0.2353880279892243,0.3166429716158762,0.5028979217359598,0.2559801156647035,0.4377365003911639,0.4596003342606103
s3d3,0.1,0.1,0.4905,0.2104046242774566,0.0423739749966395,0.2353883295635897,0.3223021714448517,0.5028975567210725,0.2542545593061151,0.4377364938460379,0.4614555376581366
s3d3,0.1,0.5,0.4909,0.2104046242774566,0.0423739749966395,0.2353885725673243,0.3166352023474358,0.5028972811979863,0.260402206141422,0.4377364958902189,0.4633880623016876
s3d3,0.5,0.001,0.4761,0.1976878612716763,0.0377550746068017,0.2353952275035107,0.3879297368385268,0.502913145103566,0.2623158234974204,0.4359527396491985,0.4631619277828739
s3d3,0.5,0.005,0.4869,0.1976878612716763,0.0376824842048661,0.2353984406361092,0.3580386701638853,0.5028992951541615,0.2617764799731098,0.4359472805334762,0.46115388457562
s3d3,0.5,0.01,0.4894,0.1976878612716763,0.0376771071380563,0.2353989548242867,0.3394802518218085,0.5028983107984578,0.2579178927184392,0.4359470889803459,0.4627028292126878
s3d3,0.5,0.05,0.4919,0.1976878612716763,0.0376744186046512,0.2353993996648298,0.3178000730191176,0.5028976531709534,0.2524374131830557,0.4359470244084134,0.4638463658996922
s3d3,0.5,0.1,0.4922,0.1976878612716763,0.0376717300712461,0.235399457486904,0.3207877590153398,0.502897582633646,0.2617031757378432,0.4359470232567881,0.4628769548461873
s3d3,0.5,0.5,0.4927,0.1976878612716763,0.0376744186046512,0.2353995041092874,0.3174289268189056,0.5028975289394262,0.251175884625612,0.4359470237555764,0.4620284797173866
s3d6,0.001,0.001,0.5149,0.2269207861822513,0.9091811503961592,0.3084477269772139,0.1612066280724534,0.4804582494399195,0.0284017359774423,0.802962725600197,0.5691267005486909
s3d6,0.001,0.005,0.5202,0.2692078618225134,0.880358077499233,0.2986078125017863,0.2422239799900964,0.4833689634094746,0.1539617329964308,0.7468719642840052,0.6173602767953439
s3d6,0.001,0.01,0.5331,0.2156045265038713,0.8024798310682766,0.27324294770195,0.2570008778480379,0.4883562280098628,0.1648689506310928,0.6288808630497845,0.6189097231058047
s3d6,0.001,0.05,0.5039,0.1471113758189398,0.5184182504015737,0.2510240391756884,0.2693929046051588,0.4844439353238295,0.1105411873935894,0.502373065170502,0.5242796585000873
s3d6,0.001,0.1,0.5037,0.2412150089338892,0.3114949374627753,0.2469021823094078,0.1947392797804055,0.4811349289957624,0.0373592193597524,0.49079414791239,0.4282338126514645
s3d6,0.001,0.5,0.5041,0.2525312686122692,0.3024708069377516,0.2469059355600594,0.150225561676725,0.4809142174220477,0.0292850032551661,0.4908281872926769,0.3925785163251009
s3d6,0.005,0.001,0.5329,0.0839785586658725,0.8218817116970779,0.2619796049698122,0.2510786304467003,0.4843444670273913,0.1237944843770003,0.5947862035683624,0.6438046504926658
s3d6,0.005,0.005,0.522,0.0982727814175104,0.6266356236576605,0.2497001187362533,0.3090167832166559,0.4906290404415808,0.1099304866785231,0.4860683179061058,0.6927080891575482
s3d6,0.005,0.01,0.4917,0.1673615247170935,0.4947028353818109,0.2466141644504573,0.2891560504437427,0.488562401082606,0.1130331710436727,0.4597081221797338,0.5594936281621702
s3d6,0.005,0.05,0.5036,0.2346634901727218,0.2669879257133576,0.2434416468726336,0.1531922432318008,0.4875479019859619,0.0430505780814122,0.4451572826328636,0.386469722658483
s3d6,0.005,0.1,0.5038,0.2364502680166766,0.2662479470103054,0.2434470551732807,0.1547302277362399,0.487524928342385,0.0609086526470076,0.4451693178045111,0.3826830227933517
s3d6,0.005,0.5,0.5038,0.2364502680166766,0.2658147887451045,0.2434512371152382,0.1527115612454923,0.48751375941682,0.0484095240567943,0.4451787433654982,0.3826830227933517
s3d6,0.01,0.001,0.5841,0.0792138177486599,0.5437219123937409,0.2476450241750234,0.3681819722603631,0.4938456686604229,0.1712747885159647,0.4560955983867571,0.6837560876066517
s3d6,0.01,0.005,0.4878,0.1661703394877903,0.406049777103976,0.2438339322173842,0.3053879677550848,0.490731732322589,0.1081820540856014,0.4362315860944956,0.540147784388018
s3d6,0.01,0.01,0.5011,0.2078618225134008,0.2315230927500134,0.2427500804880914,0.2561621606929842,0.4906629117509093,0.0809450120323828,0.4281745734993049,0.4119262015463343
s3d6,0.01,0.05,0.5035,0.2144133412745682,0.2274441857527027,0.242771362081455,0.1614140156214243,0.4903700799494115,0.0473515708130226,0.4282426724393664,0.3872490586093875
s3d6,0.01,0.1,0.5036,0.2150089338892197,0.2273539444474523,0.2427741420287715,0.1607196760107661,0.4903601134717118,0.0454712545999244,0.4282500018744517,0.3857058487328443
s3d6,0.01,0.5,0.5038,0.2162001191185229,0.2271373653148518,0.2427761745151757,0.1595804794170518,0.490355156171372,0.0451267594082974,0.4282553255650836,0.3857058487328443
s3d6,0.05,0.001,0.543,0.1631923764145324,0.1781182883029221,0.2428103018973115,0.3400238727216458,0.4934171425188627,0.1233024134488489,0.4140015309539225,0.4460139636578135
s3d6,0.05,0.005,0.5024,0.1649791542584872,0.1433031927373796,0.2424696124151841,0.2647678821766026,0.4929239703933227,0.0732989081061084,0.4122040163516182,0.3862230946811431
s3d6,0.05,0.01,0.5032,0.163787969029184,0.1428880827332286,0.242472385540365,0.2456302249699685,0.4928700081136007,0.0742175350039675,0.41221356544313,0.3862230946811431
s3d6,0.05,0.05,0.5034,0.163787969029184,0.1427978414279784,0.2424758754374301,0.1723409854644245,0.4928470163784908,0.0537091986726805,0.4122236369897716,0.3846798848045999
s3d6,0.05,0.1,0.5033,0.163787969029184,0.1428158896890284,0.2424763637443077,0.1669828617605037,0.4928456671745946,0.0355913828100648,0.4122250315683632,0.3831366749280567
s3d6,0.05,0.5,0.5031,0.163787969029184,0.1427978414279784,0.2424767679972137,0.167780459484163,0.492844878448922,0.050287276615845,0.412226197232874,0.3831366749280567
s3d6,0.1,0.001,0.5314,0.1643835616438356,0.1424368762069774,0.2425844443914725,0.3425819252902966,0.4935840813710364,0.1168680839211759,0.4108944346533216,0.4584199528816133
s3d6,0.1,0.005,0.5016,0.1643835616438356,0.1259046690851336,0.2424610087863973,0.2586146318276061,0.4930304108361154,0.0686812669415559,0.410164852066364,0.3862230946811431
s3d6,0.1,0.01,0.5025,0.1643835616438356,0.1258144277798832,0.2424623711141641,0.2372383713953536,0.4930075107155162,0.0492126413530178,0.4101692089910002,0.3862230946811431
s3d6,0.1,0.05,0.5024,0.1643835616438356,0.1258866208240836,0.2424640592712687,0.1705722956232504,0.4929968266056796,0.0519949952136585,0.4101741059514694,0.3846798848045999
s3d6,0.1,0.1,0.5023,0.1643835616438356,0.1258505243019835,0.2424643027879711,0.167894723245592,0.4929961479052885,0.0465324614576232,0.4101748108101654,0.3831366749280567
s3d6,0.1,0.5,0.5021,0.1643835616438356,0.1258144277798832,0.2424645043358024,0.1667328795067591,0.492995748857653,0.044611190246316,0.410175399554624,0.3831366749280567
s3d6,0.5,0.001,0.5051,0.1643835616438356,0.1121879906870972,0.2424599177006887,0.2965999990233626,0.4931422494989321,0.0933383703465933,0.4085447812354061,0.4139148206442829
s3d6,0.5,0.005,0.4996,0.1643835616438356,0.111718735899796,0.2424585330612595,0.2643742874868465,0.4930816335472094,0.0796086575947114,0.4085396058914975,0.3862230946811431
s3d6,0.5,0.01,0.5005,0.1643835616438356,0.111736784160846,0.2424588029320937,0.2369465699344278,0.4930785119356329,0.05724553659434,0.4085404447012576,0.3862230946811431
s3d6,0.5,0.05,0.5006,0.1643835616438356,0.1117548324218962,0.2424591284276594,0.1674228175624841,0.4930769779625082,0.0490270404458301,0.4085413902354984,0.3846798848045999
s3d6,0.5,0.1,0.5004,0.1643835616438356,0.1117548324218962,0.2424591770166907,0.1675081036636552,0.4930768743714863,0.0624906429167516,0.4085415323469283,0.3831366749280567
s3d6,0.5,0.5,0.5002,0.1643835616438356,0.1117548324218962,0.242459217224802,0.1667930249767425,0.4930768136877388,0.0445979482953054,0.4085416509904388,0.3831366749280567
s3d7,0.001,0.001,0.5107,0.3145115753811406,0.9143179801564894,0.2967216672405943,0.1347175870291759,0.4831887657541182,0.0247422983118913,0.8116433864858575,0.5622352611674765
s3d7,0.001,0.005,0.507,0.2845849802371542,0.887327579253045,0.2836430385350855,0.186615317524295,0.4871190257241733,0.0715924585954398,0.7432900148322387,0.5936456908838618
s3d7,0.001,0.01,0.5027,0.3009599096555618,0.8064854400258128,0.2552897071410465,0.227392929963536,0.4913036248693805,0.2276575062199046,0.5782754432283291,0.6120194775831034
s3d7,0.001,0.05,0.7047,0.0022586109542631,0.6327337259014277,0.2512891061830625,0.173455620755987,0.4821549988492856,0.0373227224760137,0.4886930698109716,0.3756519736758084
s3d7,0.001,0.1,0.5383,0.2089215132693393,0.448172945067355,0.2412232115183352,0.1044784101164534,0.4794665070684106,0.0230102706162985,0.4558170980392158,0.2998264935731606
s3d7,0.001,0.5,0.5326,0.23828345567476,0.4421714931031701,0.2411530080139965,0.1035887656421011,0.4794700854286329,0.0567609838491495,0.4557732657187544,0.2739244190243486
s3d7,0.005,0.001,0.4788,0.3224167137210615,0.8501895619908043,0.2479361120224896,0.2377951592862276,0.4934303421464144,0.1456150804114123,0.5617116718855972,0.6220741082460184
s3d7,0.005,0.005,0.493,0.375494071146245,0.6301363233040251,0.2397026985784765,0.2703420441129697,0.4920730350805412,0.1597690101324015,0.4358920018979104,0.5135934608879618
s3d7,0.005,0.01,0.5044,0.3879164313946923,0.5381301927885778,0.2386287294570645,0.2220589679693086,0.4899890650755049,0.0569137315597383,0.4276985883163677,0.4070369831912694
s3d7,0.005,0.05,0.5319,0.2507058159232072,0.416197467129144,0.2372428130723647,0.114906353259993,0.4864433208631406,0.0599631719120689,0.4162516186821571,0.2728133526362898
s3d7,0.005,0.1,0.5311,0.251270468661773,0.4158264096152294,0.2372379146835476,0.1135293281970294,0.486445809633406,0.0231708848042531,0.4162474029093403,0.2690629405030884
s3d7,0.005,0.5,0.5307,0.2495765104460756,0.415568282649028,0.2372352768178217,0.1156828533756013,0.4864478377916065,0.0320342450452334,0.4162454815715913,0.2690629405030884
s3d7,0.01,0.001,0.4779,0.3280632411067193,0.6006291844801163,0.2373336606076728,0.269859044254955,0.4944468499430482,0.0937963977570371,0.427629552587843,0.5290360583757859
s3d7,0.01,0.005,0.5032,0.3873517786561264,0.4786803258852947,0.2368308642848535,0.2533480858081248,0.4913669342344984,0.1113357040169914,0.4082860514087805,0.4173453436039425
s3d7,0.01,0.01,0.5325,0.334274421230943,0.3815439219165926,0.2363163998562945,0.1310988098824431,0.4894539196266111,0.1214203396768423,0.4011483446581664,0.306744049620361
s3d7,0.01,0.05,0.5309,0.3207227555053642,0.3800919577317092,0.2363098497221926,0.114377482130221,0.4894335604934582,0.0529125877763094,0.4011363564171983,0.2755082337297129
s3d7,0.01,0.1,0.5308,0.3207227555053642,0.3800112930547714,0.236309468904597,0.1149249964381285,0.4894335232856624,0.0457188090243012,0.4011361217329742,0.2755082337297129
s3d7,0.01,0.5,0.5306,0.3207227555053642,0.3799790271839961,0.2363091635140234,0.1165154227933147,0.4894336558240737,0.0519234594668144,0.4011359818305782,0.2738597009239101
s3d7,0.05,0.001,0.5039,0.3822699040090344,0.3296120029039282,0.235694029122017,0.3289194379595018,0.4929525395521337,0.2013036626103091,0.3880824553137928,0.367793284775131
s3d7,0.05,0.005,0.5213,0.3805759457933371,0.2962652254577721,0.2357293542165327,0.1770004961073453,0.4923976903881134,0.1419511054226304,0.3865295350191031,0.2877182904943351
s3d7,0.05,0.01,0.523,0.3805759457933371,0.2961684278454466,0.2357312212050258,0.1754092314745312,0.4923942477030114,0.1427139438123972,0.3865311708872807,0.2847292900160951
s3d7,0.05,0.05,0.5251,0.3805759457933371,0.2961684278454466,0.2357327375817637,0.1713311876736746,0.4923920507029639,0.1489123466331929,0.3865328214997469,0.2703046279653203
s3d7,0.05,0.1,0.5254,0.3805759457933371,0.2961684278454466,0.2357329285486133,0.1713806168832639,0.4923918204188362,0.1499075429220481,0.3865330523517589,0.2703046279653203
s3d7,0.05,0.5,0.5257,0.3805759457933371,0.2961522949100588,0.2357330815488646,0.173315348169347,0.4923916453276513,0.1489680900611876,0.3865332416352834,0.2655650961486371
s3d7,0.1,0.001,0.5099,0.3805759457933371,0.295748971525369,0.2356610603030506,0.3268456719120797,0.4929800987295473,0.189757874053128,0.3853577139022926,0.3729326544557084
s3d7,0.1,0.005,0.518,0.3805759457933371,0.2791481810115349,0.2356804048933966,0.1736712272912568,0.4926148755538226,0.1507585045721165,0.3846345212020373,0.2887283915044361
s3d7,0.1,0.01,0.5199,0.3805759457933371,0.2791481810115349,0.2356815030500315,0.1706917980908097,0.4926131810233274,0.1455734152367508,0.3846355240504236,0.285739391026196
s3d7,0.1,0.05,0.5218,0.3805759457933371,0.2790997822053721,0.2356824004232132,0.1395365274825301,0.492612033158677,0.1026833058615583,0.3846364985762807,0.2670137936499662
s3d7,0.1,0.1,0.5222,0.3805759457933371,0.2791159151407599,0.2356825137780628,0.1740163864376273,0.4926119058938835,0.1505305898829488,0.3846366328027547,0.2670137936499662
s3d7,0.1,0.5,0.5225,0.3805759457933371,0.2791320480761474,0.2356826046516612,0.1741886583755881,0.4926118074142064,0.1497352724407276,0.3846367425162871,0.2670137936499662
s3d7,0.5,0.001,0.5032,0.3805759457933371,0.2636605630394449,0.2356439543897873,0.2807429251749064,0.492589336543025,0.1749382720860315,0.3831198363983562,0.2909720044450166
s3d7,0.5,0.005,0.5129,0.3805759457933371,0.2636282971686698,0.235645880901454,0.1787274679691047,0.4925843785953598,0.1437827321947349,0.3831203688618437,0.2887283915044361
s3d7,0.5,0.01,0.5149,0.3805759457933371,0.2636282971686698,0.2356461267302963,0.1751001884841431,0.4925839774019187,0.1474415029437788,0.3831205974628438,0.285739391026196
s3d7,0.5,0.05,0.5171,0.3805759457933371,0.2636282971686698,0.2356463285078344,0.1803478052707716,0.4925836950652476,0.1537938238582022,0.3831208158764929,0.266575197158738
s3d7,0.5,0.1,0.5174,0.3805759457933371,0.2636282971686698,0.2356463540523319,0.1794663258710943,0.4925836628344683,0.1542322818368413,0.3831208457490775,0.266575197158738
s3d7,0.5,0.5,0.5177,0.3805759457933371,0.2636282971686698,0.2356463745397114,0.1794663258710943,0.4925836376795806,0.1542322818368413,0.3831208701304675,0.266575197158738
s4d1,0.001,0.001,0.4824,0.0869998753583447,0.8617202106443974,0.316311537415028,0.270703547913042,0.4872112556751455,0.1709306172379041,0.7950825534376122,0.8388488640402093
s4d1,0.001,0.005,0.509,0.070048610245544,0.7866064751339898,0.3081789853870747,0.3478703051817345,0.4918050393366892,0.1729652253790946,0.738356299650927,0.8179813728637096
s4d1,0.001,0.01,0.4694,0.0816402841829739,0.7025310046117413,0.2858060393459777,0.4122677962722077,0.4984582676534696,0.2077370007532108,0.6838931457691185,0.8535943335015518
s4d1,0.001,0.05,0.5001,0.1602891686401595,0.10691527483485,0.2556349296390914,0.4378666016089079,0.4978405082205502,0.2563767142656995,0.5197959100618669,0.4895756698522675
s4d1,0.001,0.1,0.508,0.1343637043499937,0.0984435373301757,0.2558177185375152,0.364090529461135,0.496589290231057,0.2400159638060696,0.5194835285238909,0.4798395304998284
s4d1,0.001,0.5,0.512,0.1293780381403465,0.0965739125015581,0.2558959144728211,0.3325597358823879,0.4963897701062236,0.24104972251202,0.5194495796351205,0.4798471023887687
s4d1,0.005,0.001,0.4995,0.085130250529727,0.592351676430263,0.2695591696034305,0.4256999902822196,0.4993111815275875,0.2662628714565574,0.6389824570453808,0.8017078870842308
s4d1,0.005,0.005,0.49,0.0699239685903028,0.3263562570110931,0.2585149933873191,0.5813860863996757,0.509581691275896,0.3574867571819957,0.5399796076909791,0.6576047894353108
s4d1,0.005,0.01,0.5039,0.0857534588059329,0.1787587249158668,0.2542117997762743,0.5263028405976664,0.5066479080052052,0.3033024583844501,0.4925120754374261,0.5069867223652095
s4d1,0.005,0.05,0.5062,0.1309983796584818,0.067654711454568,0.2514986864310677,0.3410367715761253,0.5027787568881348,0.2427841565515412,0.4772439931820463,0.4788898929461519
s4d1,0.005,0.1,0.5078,0.1296273214508288,0.0675409759441606,0.2515142108092212,0.3388040334807451,0.5027529696211579,0.241347124671733,0.4772369214346826,0.4789166864810688
s4d1,0.005,0.5,0.5091,0.1281316215879346,0.0674677489717062,0.2515255949932783,0.3338164126274068,0.5027368677309685,0.2436894253152441,0.4772330625409416,0.4787763763918284
s4d1,0.01,0.001,0.4783,0.098840832606257,0.2028028792222361,0.2527152372506517,0.5548117046547555,0.5090045248325155,0.3602791790269756,0.5011881011363215,0.4818415985856785
s4d1,0.01,0.005,0.4989,0.1438364701483235,0.1270729465287299,0.2517734179022576,0.5201001941920478,0.5074648900578674,0.3005756735975391,0.4822908934937353,0.4796668207002057
s4d1,0.01,0.01,0.4966,0.1642777016078773,0.0409876293157175,0.2503829297997265,0.389041153131173,0.5059012107280695,0.2417278429891385,0.4595647274383536,0.4792006938986133
s4d1,0.01,0.05,0.5053,0.1611616602268478,0.040651096846566,0.2504501192074924,0.3413073893106643,0.5057594253638458,0.2412484122272314,0.4595238595618505,0.4799286385406365
s4d1,0.01,0.1,0.5064,0.1607877352611242,0.0406222734637914,0.2504565688816409,0.3370208473000969,0.5057505999895362,0.2404873375754621,0.4595220099298124,0.4796031691453185
s4d1,0.01,0.5,0.5073,0.160663093605883,0.0406035772155053,0.2504611345568094,0.3347657515942775,0.5057451911803631,0.2498370933402712,0.4595209883659176,0.4794842497610976
s4d1,0.05,0.001,0.3903,0.1857160663093605,0.0173298641405956,0.249110347911804,0.5228547507107544,0.5095407157717978,0.3060024302353189,0.4462370046458758,0.4804630595947884
s4d1,0.05,0.005,0.4982,0.1263866384145581,0.0078150317836218,0.2498622439472071,0.3715181664152802,0.5080184015300052,0.2404736396992169,0.4412826187643859,0.4808735244440989
s4d1,0.05,0.01,0.5018,0.1263866384145581,0.007790882462919,0.249870815457639,0.3601787568763893,0.5079975608360258,0.2364795515153051,0.4412743350466694,0.4790769885638024
s4d1,0.05,0.05,0.5057,0.1263866384145581,0.0077791973077403,0.2498780151182964,0.3401601486368266,0.5079838806990605,0.2414703977375439,0.4412721958576762,0.4792478428243378
s4d1,0.05,0.1,0.5063,0.1263866384145581,0.0077768602767044,0.2498788973030118,0.3374346424523851,0.5079824805386852,0.2427542722498657,0.4412722504730672,0.479376272426326
s4d1,0.05,0.5,0.5069,0.1263866384145581,0.007776081266359,0.2498796121757857,0.3339892985012632,0.5079814039475732,0.2443467760031409,0.4412723592395469,0.4791779330256543
s4d1,0.1,0.001,0.489,0.1263866384145581,0.0055278574099464,0.2498114138796677,0.4194705445657824,0.5080684058463377,0.2534904746306666,0.4389592098853406,0.4792833471368833
s4d1,0.1,0.005,0.4987,0.1263866384145581,0.0054086688271219,0.2498346971572358,0.3742405873549805,0.5079484503337539,0.2515960045009038,0.4388525050163019,0.4799401497361272
s4d1,0.1,0.01,0.5019,0.1263866384145581,0.0053977626822885,0.2498385866959172,0.359986012043207,0.5079394171408049,0.2391286472326789,0.4388489508163714,0.479370334343582
s4d1,0.1,0.05,0.5054,0.1263866384145581,0.0053954256512526,0.2498417399174876,0.3343157617353573,0.5079337259378198,0.2331486586042741,0.4388481959410792,0.4794862387282357
s4d1,0.1,0.1,0.506,0.1263866384145581,0.0053946466409072,0.2498421614128508,0.3374694007301091,0.5079330893927784,0.2419442547409483,0.438848254421035,0.4791548916280176
s4d1,0.1,0.5,0.5065,0.1263866384145581,0.0053946466409072,0.2498425031510983,0.3356050780445139,0.5079326001640923,0.2404164838870598,0.4388483342395841,0.4798919206230457
s4d1,0.5,0.001,0.4921,0.1263866384145581,0.0040461797332668,0.2498154434416942,0.4026175097784185,0.5077632765472272,0.2433192517244324,0.4369193696523915,0.4799495901160608
s4d1,0.5,0.005,0.4984,0.1263866384145581,0.0040360525987785,0.2498182300625981,0.3695441430164567,0.507750979311572,0.236934260415688,0.4369052361681151,0.4794389101333887
s4d1,0.5,0.01,0.5011,0.1263866384145581,0.0040352735884333,0.2498188845851493,0.3613042796232626,0.5077495315354073,0.2402027054034785,0.4369046244499348,0.4798725206888877
s4d1,0.5,0.05,0.5046,0.1263866384145581,0.0040360525987785,0.2498194891893234,0.3379424934144117,0.5077484808745412,0.2412390081610327,0.4369044989548011,0.4803645929367502
s4d1,0.5,0.1,0.5052,0.1263866384145581,0.0040360525987785,0.2498195702268456,0.3373368487887115,0.5077483630948149,0.2429304859165806,0.4369045143783883,0.4799108549262686
s4d1,0.5,0.5,0.5057,0.1263866384145581,0.0040360525987785,0.2498196359635923,0.3353131405257472,0.507748272530377,0.2540374703431826,0.4369045334301422,0.4793400993778496
s4d8,0.001,0.001,0.4818,0.2361279870392871,0.8503632864782183,0.2951415914355578,0.2844602295665452,0.4845921381425543,0.1097985544337772,0.7545887210254042,0.726151002153411
s4d8,0.001,0.005,0.543,0.085965978128797,0.7667133367462113,0.2792216939471903,0.3216114740355593,0.4842845124749429,0.0758170540421324,0.6603734619559338,0.6528193930069306
s4d8,0.001,0.01,0.566,0.069663831510733,0.7283241123947096,0.2719793551710366,0.3730454430243255,0.4877062164768179,0.1303226688960087,0.6382416067113311,0.6771416105700635
s4d8,0.001,0.05,0.6318,0.079485621709194,0.430801841309394,0.2518317993008596,0.4735900495940822,0.4940579716880247,0.2223435573094314,0.5473829411398548,0.5488462290463341
s4d8,0.001,0.1,0.5001,0.2319765087079789,0.1323153293735723,0.2394886473698752,0.3424438811229616,0.4882581945763872,0.1741353089018255,0.5212379694515237,0.5053890089119663
s4d8,0.001,0.5,0.4927,0.2529364115026326,0.1257558188543009,0.2392804219396394,0.3005141073676334,0.4881729237747889,0.1683207825939498,0.5207775313369983,0.4796800759627112
s4d8,0.005,0.001,0.5164,0.2976913730255164,0.6131096664631277,0.2513907617263148,0.4765820368266496,0.4993806371859992,0.2164652441623225,0.5936285921667143,0.7105230069598549
s4d8,0.005,0.005,0.4268,0.3469015795868773,0.2895642001426829,0.2378629528244655,0.4524024765104609,0.499020971629534,0.1974298667096788,0.5333523838110829,0.5532872286151783
s4d8,0.005,0.01,0.4549,0.2295463750506277,0.2833834985289674,0.2391653087332551,0.4426502232697112,0.497592161159928,0.1971900647441644,0.5393919766447075,0.5205623512741456
s4d8,0.005,0.05,0.4872,0.3278655326042932,0.0920772914083877,0.2360191987033629,0.3069295415758031,0.4958558347877774,0.1672392614129617,0.4758583531961433,0.4774002118084875
s4d8,0.005,0.1,0.4876,0.3286755771567436,0.0916856328113273,0.236015746989678,0.3020855213466814,0.4958414292581888,0.1710063026804007,0.4757873211415983,0.4790281586799501
s4d8,0.005,0.5,0.4881,0.3296881328473066,0.0914594782408464,0.2360135284399171,0.293096014973138,0.49583501075115,0.1607596946547853,0.4757489443530511,0.4782642834988753
s4d8,0.01,0.001,0.4887,0.2222559740785743,0.2821828233547769,0.2385563325018279,0.5205957113939629,0.5006561770490676,0.2447833894241186,0.5107000329699191,0.4801090618333948
s4d8,0.01,0.005,0.4339,0.3417375455650061,0.1905285437907207,0.2359561891334892,0.4483825856707003,0.5016534691341307,0.195947192917187,0.495392868629096,0.4775939421276743
s4d8,0.01,0.01,0.472,0.369582827055488,0.0627347638637891,0.2354037617242768,0.3530926079901683,0.4995793994590289,0.1729227572583236,0.4592425828671271,0.4772275763303731
s4d8,0.01,0.05,0.4857,0.3765694613203726,0.0608689886573202,0.2354803213613784,0.3024818479626564,0.4992908508980445,0.1687418495714949,0.4584573097458766,0.4783888153385817
s4d8,0.01,0.1,0.4866,0.3767719724584852,0.0607913765206323,0.2354835017426236,0.2990082565701402,0.4992824679523515,0.1694055831122955,0.4584360755686553,0.4791147455001935
s4d8,0.01,0.5,0.4875,0.3767719724584852,0.0607353518656725,0.2354858374839231,0.2911869743398521,0.4992774879355012,0.1704193719752726,0.458422751132414,0.4794092536597721
s4d8,0.05,0.001,0.4293,0.4128189550425273,0.0361713675978065,0.2348964326417844,0.4500396994947499,0.5033226972853145,0.2048470015876791,0.4491178833044753,0.4791698342234197
s4d8,0.05,0.005,0.4732,0.4140340218712029,0.0227408700371922,0.2353240735907456,0.3502204852595801,0.5025006393896255,0.1739027068457302,0.4414265621244813,0.4786971791173469
s4d8,0.05,0.001,0.4293,0.4128189550425273,0.0361713675978065,0.2348964326417844,0.4500396994947499,0.5033226972853145,0.2048470015876791,0.4491178833044753,0.4791698342234197
s4d8,0.05,0.005,0.4732,0.4140340218712029,0.0227408700371922,0.2353240735907456,0.3502204852595801,0.5025006393896255,0.1739027068457302,0.4414265621244813,0.4786971791173469
s4d8,0.05,0.01,0.481,0.4140340218712029,0.0226473242830387,0.2353422403048327,0.3249941518898306,0.5024294785493355,0.1700873355331278,0.4413286835243161,0.4777900944400263
s4d8,0.05,0.05,0.4884,0.4140340218712029,0.0226113451468258,0.2353530456607904,0.3006936398131865,0.5023980853700308,0.1703812690479801,0.4412972165342671,0.4790703398608493
s4d8,0.05,0.1,0.4896,0.4140340218712029,0.022609803183845,0.2353542261407129,0.2983632730646392,0.5023955993068655,0.1695180407599554,0.4412952323866286,0.4788595063336459
s4d8,0.05,0.5,0.4907,0.4140340218712029,0.022608775208525,0.2353551668910001,0.2912367639306997,0.502393830301297,0.1702890964105628,0.4412939222682994,0.4769510740138817
s4d8,0.1,0.001,0.439,0.423248278655326,0.0226976950737366,0.2351081108495473,0.4496284676926176,0.503238201328313,0.2057813257525443,0.4427061082717913,0.4775931537272894
s4d8,0.1,0.005,0.4746,0.4140340218712029,0.0183421636413352,0.2353526449019901,0.3479407109933626,0.5025089563365025,0.1767105730781889,0.4390910067982883,0.4787862251421622
s4d8,0.1,0.01,0.4812,0.4140340218712029,0.0183123523570447,0.2353603594131638,0.3205015619755743,0.5024790643153636,0.1690546642605087,0.4390561270718183,0.4789164738644755
s4d8,0.1,0.05,0.4885,0.4140340218712029,0.01829950266554,0.2353657306201517,0.3029249270185993,0.5024635913327616,0.1703289120633455,0.4390426704451394,0.4784160346734437
s4d8,0.1,0.1,0.4897,0.4140340218712029,0.01829950266554,0.2353663540760058,0.2991321993530946,0.5024622530322652,0.1700436993843204,0.4390417822837841,0.4773974979623951
s4d8,0.1,0.5,0.4909,0.4140340218712029,0.0182989886778798,0.235366851398608,0.2942834759720427,0.5024612882059104,0.1707450563980258,0.4390412026303072,0.4786517875239375
s4d8,0.5,0.001,0.4561,0.4140340218712029,0.0154694866085656,0.2353624223447614,0.4124152173437829,0.5024217872665172,0.1953765362025424,0.4374664824074048,0.4784715359537388
s4d8,0.5,0.005,0.475,0.4140340218712029,0.0152973007424038,0.2353783947961119,0.3479519817490354,0.5023494620545048,0.1750992448131747,0.4372414598166191,0.4785245984603074
s4d8,0.5,0.01,0.4811,0.4140340218712029,0.0152952447917632,0.2353797958857354,0.320674821591262,0.5023447445815874,0.1698923105507117,0.437235943534749,0.4774334365393088
s4d8,0.5,0.05,0.4882,0.4140340218712029,0.0152931888411224,0.2353808462219341,0.3035083518476221,0.5023421344183472,0.1686103353440798,0.4372336337029608,0.4779308332454715
s4d8,0.5,0.1,0.4895,0.4140340218712029,0.0152931888411224,0.2353809759899502,0.2987570142864911,0.5023418970248462,0.1693019670252547,0.4372334744457709,0.4787610579685612
s4d8,0.5,0.5,0.4907,0.4140340218712029,0.0152931888411224,0.2353810795775718,0.2931669645856247,0.5023417273124694,0.1705237434296724,0.4372333721764186,0.4768685859272217
s4d9,0.001,0.001,0.5554,0.0282080924855491,0.8693937357171662,0.3049680514157739,0.2706363852551908,0.4819322181051738,0.1663928495587921,0.7743711541317733,0.6777339447684426
s4d9,0.001,0.005,0.5516,0.0203468208092485,0.810547116547923,0.2949316461297797,0.3409389725463239,0.4866885393820605,0.2203558642023038,0.722295557014011,0.654200430187384
s4d9,0.001,0.01,0.5903,0.0104046242774566,0.7093507191826858,0.2761525479649298,0.3553371769817616,0.4924651687603932,0.1369228357897652,0.6406402784405355,0.6128498198603254
s4d9,0.001,0.05,0.5944,0.0187283236994219,0.3260787740287671,0.2512791490399497,0.4938727289185904,0.4953568413105628,0.3292310658391278,0.5405648369320503,0.5241107483664593
s4d9,0.001,0.1,0.5354,0.1008092485549133,0.1098158354617555,0.241703245215462,0.4157762771515944,0.4915098160504983,0.2482225029489183,0.5159525357631246,0.4793857818134637
s4d9,0.001,0.5,0.5304,0.1091329479768786,0.1026804678048125,0.2415060869792032,0.329739912415256,0.4915046332974051,0.2397853409846187,0.5159253057638096,0.4663010017547845
s4d9,0.005,0.001,0.5733,0.044393063583815,0.6502997714746606,0.2578979414159325,0.3932520297213073,0.4904933972646214,0.2112917527772005,0.6141530856619519,0.6458722913202603
s4d9,0.005,0.005,0.6074,0.0104046242774566,0.3954429358784782,0.2501320946306842,0.5523703309456248,0.5003721254583209,0.3812143190458868,0.5294046131754876,0.5243252879802136
s4d9,0.005,0.01,0.6035,0.0092485549132947,0.2732786664874312,0.2466223482116093,0.5438503113173401,0.5009991682580067,0.3695905805692087,0.4971310146075745,0.4982689942260376
s4d9,0.005,0.05,0.529,0.0947976878612716,0.0716789891114397,0.2371622593118099,0.3381799227561763,0.4993661727289192,0.241909868173555,0.4710693696304942,0.4706636514900944
s4d9,0.005,0.1,0.5283,0.0957225433526011,0.0714746605726573,0.237148735976123,0.3344309800938723,0.4993800274800478,0.2743033442418497,0.4710636478886862,0.4678344154059187
s4d9,0.005,0.5,0.5278,0.0959537572254335,0.071396693103912,0.2371400795633399,0.3302172654761158,0.4993924537697982,0.2216669908757306,0.4710604867133658,0.4696555924559227
s4d9,0.01,0.001,0.6362,0.0457803468208092,0.2423148272617289,0.2435184101440709,0.5466128168997119,0.5016927395333234,0.3831728259383163,0.4963736391243104,0.5238200353920064
s4d9,0.01,0.005,0.5749,0.015028901734104,0.151033741094233,0.240757555024121,0.5475030700176581,0.5036890625324936,0.3738913004588138,0.4705338887618915,0.472790079738193
s4d9,0.01,0.01,0.5296,0.084393063583815,0.0513187256351659,0.2361711141980983,0.4262218666935272,0.5027144072442947,0.260820613234586,0.4539317138836124,0.4689219832916362
s4d9,0.01,0.05,0.5249,0.0860115606936416,0.0508966258905766,0.2361200530609936,0.3306802463261267,0.5026982953077933,0.2334428150548212,0.4538663955070198,0.4702630402363216
s4d9,0.01,0.1,0.5247,0.0867052023121387,0.0509020029573867,0.23611815775715,0.3339434162113697,0.5027014025173915,0.245504438788585,0.453863410716753,0.4704893270358598
s4d9,0.01,0.5,0.5247,0.0873988439306358,0.0508966258905766,0.2361169825048036,0.3279989843224483,0.502703991706799,0.2345389439294728,0.4538614706373055,0.4674216333218768
s4d9,0.05,0.001,0.5579,0.099421965317919,0.0337894878343865,0.2359954589949637,0.490806987624952,0.5051005409915974,0.3198663738479388,0.4441505199471277,0.4708787987245264
s4d9,0.05,0.005,0.5118,0.1734104046242774,0.0225352870009408,0.2355011852865207,0.345429787014831,0.5051265035052733,0.2353771595379899,0.4368284113033333,0.4722021305814475
s4d9,0.05,0.01,0.5126,0.1738728323699422,0.0225110902002957,0.2355033958792258,0.3345773018175738,0.5051237529093093,0.2348613880423877,0.4368170052084548,0.4717873736635172
s4d9,0.05,0.05,0.5138,0.1743352601156069,0.0225057131334855,0.2355053326480868,0.3322186237026397,0.505122253513492,0.2255022228745249,0.4368121582216439,0.4703388325019562
s4d9,0.05,0.1,0.514,0.1747976878612716,0.0225003360666754,0.2355055911749025,0.3315059515623694,0.5051221005927732,0.2382679676002742,0.4368117629649698,0.4706543852086032
s4d9,0.05,0.5,0.5141,0.1747976878612716,0.0225003360666754,0.2355058006762699,0.3310060011701369,0.5051219858927367,0.2357626248267438,0.4368114904391145,0.4706287900834837
s4d9,0.1,0.001,0.5159,0.2073988439306358,0.0189595375722545,0.235454763686317,0.4074305187329218,0.5048428377240276,0.2360830113740928,0.4348579034255102,0.4700177069661922
s4d9,0.1,0.005,0.5107,0.2073988439306358,0.0186342250302462,0.2354531913640636,0.3425593433548221,0.5047969508469355,0.2371420187104894,0.4345801553804563,0.4680630783352894
s4d9,0.1,0.01,0.512,0.2073988439306358,0.018628847963436,0.2354546342037855,0.338642025549886,0.5047947908148264,0.2403240855374545,0.4345750538947806,0.4714778233900289
s4d9,0.1,0.05,0.5134,0.2073988439306358,0.0186342250302462,0.2354558512363506,0.3294057506247556,0.5047931198989261,0.2292667502383006,0.4345727106069687,0.4680526394499599
s4d9,0.1,0.1,0.5137,0.2073988439306358,0.0186315364968411,0.2354560118249621,0.3313604406125832,0.5047929040577381,0.2287575629969576,0.4345725239482501,0.4707142076905608
s4d9,0.1,0.5,0.5138,0.2073988439306358,0.0186315364968411,0.2354561416802892,0.3281080043680169,0.5047927298073649,0.2300574956182958,0.4345723967555763,0.4707892820227717
s4d9,0.5,0.001,0.5094,0.2073988439306358,0.0157682484204865,0.235419319792539,0.367148315898338,0.504285736441324,0.220234779660034,0.432798979984153,0.4706529933576315
s4d9,0.5,0.005,0.5113,0.2073988439306358,0.0157413630864363,0.235420872866393,0.3427717794611405,0.504282857023318,0.2250083963925308,0.432779308600955,0.4695482283137009
s4d9,0.5,0.01,0.5125,0.2073988439306358,0.0157413630864363,0.2354211910285395,0.3383522354011592,0.5042825064611196,0.2231302142368985,0.432778390156137,0.4708206743262498
s4d9,0.5,0.05,0.5142,0.2073988439306358,0.0157413630864363,0.2354214725265222,0.3287576211998845,0.5042822037872601,0.2433136200744235,0.4327779333548438,0.4692634970869298
s4d9,0.5,0.1,0.5145,0.2073988439306358,0.0157413630864363,0.2354215094845627,0.3320829417993303,0.5042821639852432,0.2273996049236414,0.4327778977627127,0.4692153930363527
s4d9,0.5,0.5,0.5147,0.2073988439306358,0.0157413630864363,0.2354215393413827,0.3321907381326235,0.5042821316914263,0.2416192221308114,0.4327778737853897,0.4711609454021223
